[{"id":"user-image-2285485.png","publicUrl":"np://user.desktop.nicepage.com/Site_8882886/images/2285485.png","size":4128,"hash":"e65oZM7NxYp2cHjofwcBtfkP4Qc=","fileName":"2285485.png","name":"2285485","width":128,"height":128,"thumbnail":{"url":"np://user.desktop.nicepage.com/Site_8882886/images/thumbnails/2285485.png","width":128,"height":128,"length":4128,"type":"png"},"folderId":null,"usages":["29471258"]},{"id":"user-image-d222cc93386edb8ce030bf001348d7cf902cbc7e3583020002d54ad36216bcea86221b8dd3e2214e36c3dbb57e2eb83683f0bc164747103c0b9f12_1280.jpg","publicUrl":"np://user.desktop.nicepage.com/Site_8882886/images/d222cc93386edb8ce030bf001348d7cf902cbc7e3583020002d54ad36216bcea86221b8dd3e2214e36c3dbb57e2eb83683f0bc164747103c0b9f12_1280.jpg","size":141903,"hash":"HACaoFHRxeMJ3fTII5d6j7iGtIc=","fileName":"d222cc93386edb8ce030bf001348d7cf902cbc7e3583020002d54ad36216bcea86221b8dd3e2214e36c3dbb57e2eb83683f0bc164747103c0b9f12_1280.jpg","name":"d222cc93386edb8ce030bf001348d7cf902cbc7e3583020002d54ad36216bcea86221b8dd3e2214e36c3dbb57e2eb83683f0bc164747103c0b9f12_1280","width":1280,"height":853,"thumbnail":{"url":"np://user.desktop.nicepage.com/Site_8882886/images/thumbnails/d222cc93386edb8ce030bf001348d7cf902cbc7e3583020002d54ad36216bcea86221b8dd3e2214e36c3dbb57e2eb83683f0bc164747103c0b9f12_1280.jpg","width":250,"height":167},"folderId":null,"usages":["29471258"]},{"id":"user-image-3a0a1432fd6b3fd6cc779b64de3ec55baf93b3ad449b7e6d7adc04b988b1c35c904eb06dbabd52861d51f769af40d0f67e63ce301abeece3c1a51f_1280.jpg","publicUrl":"np://user.desktop.nicepage.com/Site_8882886/images/3a0a1432fd6b3fd6cc779b64de3ec55baf93b3ad449b7e6d7adc04b988b1c35c904eb06dbabd52861d51f769af40d0f67e63ce301abeece3c1a51f_1280.jpg","size":293381,"hash":"sdbqe3rsSRgDg2sPqB5HQro7goU=","fileName":"3a0a1432fd6b3fd6cc779b64de3ec55baf93b3ad449b7e6d7adc04b988b1c35c904eb06dbabd52861d51f769af40d0f67e63ce301abeece3c1a51f_1280.jpg","name":"3a0a1432fd6b3fd6cc779b64de3ec55baf93b3ad449b7e6d7adc04b988b1c35c904eb06dbabd52861d51f769af40d0f67e63ce301abeece3c1a51f_1280","width":1280,"height":854,"thumbnail":{"url":"np://user.desktop.nicepage.com/Site_8882886/images/thumbnails/3a0a1432fd6b3fd6cc779b64de3ec55baf93b3ad449b7e6d7adc04b988b1c35c904eb06dbabd52861d51f769af40d0f67e63ce301abeece3c1a51f_1280.jpg","width":250,"height":167},"folderId":null,"usages":["29471258"]},{"id":"user-image-7568486.png","publicUrl":"np://user.desktop.nicepage.com/Site_8882886/images/7568486.png","size":5212,"hash":"hW5H95vnjrOfVC64+Hj2PrIGp5I=","fileName":"7568486.png","name":"7568486","width":128,"height":128,"thumbnail":{"url":"np://user.desktop.nicepage.com/Site_8882886/images/thumbnails/7568486.png","width":128,"height":128,"length":5212,"type":"png"},"folderId":null,"usages":["29471258"]},{"id":"user-image-9606480.png","publicUrl":"np://user.desktop.nicepage.com/Site_8882886/images/9606480.png","size":1707,"hash":"0lh8dSpxnmwVsM294CDf9ay/pLw=","fileName":"9606480.png","name":"9606480","width":128,"height":128,"thumbnail":{"url":"np://user.desktop.nicepage.com/Site_8882886/images/thumbnails/9606480.png","width":128,"height":128,"length":1707,"type":"png"},"folderId":null,"usages":["29471258"]},{"id":"user-image-2951105.png","publicUrl":"np://user.desktop.nicepage.com/Site_8882886/images/2951105.png","size":3754,"hash":"6b8BVqZcZyI8bebedXtm9kY383I=","fileName":"2951105.png","name":"2951105","width":128,"height":128,"thumbnail":{"url":"np://user.desktop.nicepage.com/Site_8882886/images/thumbnails/2951105.png","width":128,"height":128,"length":3754,"type":"png"},"folderId":null,"usages":["29471258"]},{"id":"user-image-3033222.png","publicUrl":"np://user.desktop.nicepage.com/Site_8882886/images/3033222.png","size":1641,"hash":"AkudHT9U10UEvtBeLHe6lv9FXgI=","fileName":"3033222.png","name":"3033222","width":128,"height":128,"thumbnail":{"url":"np://user.desktop.nicepage.com/Site_8882886/images/thumbnails/3033222.png","width":128,"height":128,"length":1641,"type":"png"},"folderId":null,"usages":["29471258"]},{"id":"user-image-126341.png","publicUrl":"np://user.desktop.nicepage.com/Site_8882886/images/126341.png","size":2820,"hash":"f46RLLXdzxZvpohJeCRm9T/XDQw=","fileName":"126341.png","name":"126341","width":128,"height":128,"thumbnail":{"url":"np://user.desktop.nicepage.com/Site_8882886/images/thumbnails/126341.png","width":128,"height":128,"length":2820,"type":"png"},"folderId":null,"usages":["29471258"]},{"id":"user-image-535188.png","publicUrl":"np://user.desktop.nicepage.com/Site_8882886/images/535188.png","size":3524,"hash":"GUfeQu9FuySqT4BS7+B/QVuJ8Ko=","fileName":"535188.png","name":"535188","width":128,"height":128,"thumbnail":{"url":"np://user.desktop.nicepage.com/Site_8882886/images/thumbnails/535188.png","width":128,"height":128,"length":3524,"type":"png"},"folderId":null,"usages":["29471258"]},{"id":"user-image-3115518.png","publicUrl":"np://user.desktop.nicepage.com/Site_8882886/images/3115518.png","size":1720,"hash":"DUkIMgiPKJFd3g/GNVg+LSCKfHw=","fileName":"3115518.png","name":"3115518","width":128,"height":128,"thumbnail":{"url":"np://user.desktop.nicepage.com/Site_8882886/images/thumbnails/3115518.png","width":128,"height":128,"length":1720,"type":"png"},"folderId":null,"usages":["29471258"]},{"id":"user-image-wexyazlmlogo2.jpg","publicUrl":"np://user.desktop.nicepage.com/Site_8882886/images/wexyazlmlogo2.jpg","size":410255,"hash":"6QIq2SjpV994X9u3VNFevz0OU3E=","fileName":"wexyazlmlogo2.jpg","name":"wexyazlmlogo2","width":818,"height":913,"thumbnail":{"url":"np://user.desktop.nicepage.com/Site_8882886/images/thumbnails/wexyazlmlogo2.jpg","width":224,"height":250},"folderId":null,"usages":["29471258"]},{"id":"user-image-2087858.png","publicUrl":"np://user.desktop.nicepage.com/Site_8882886/images/2087858.png","size":1623,"hash":"+HdUJ67nAnKbVTqCB+G9ikskUX4=","fileName":"2087858.png","name":"2087858","width":128,"height":128,"thumbnail":{"url":"np://user.desktop.nicepage.com/Site_8882886/images/thumbnails/2087858.png","width":128,"height":128,"length":1623,"type":"png"},"folderId":null,"originalUrl":"//images01.nicepage.com/c461c07a441a5d220e8feb1a/74ff49e6894b5358b484b254/2087858.png","usages":["29471258"]},{"id":"user-image-dgrt-min.jpg","publicUrl":"np://user.desktop.nicepage.com/Site_8882886/images/dgrt-min.jpg","size":67103,"hash":"dYwX7p6quHd+PeXapkvoRmUftl8=","fileName":"dgrt-min.jpg","name":"dgrt-min","width":800,"height":766,"thumbnail":{"url":"np://user.desktop.nicepage.com/Site_8882886/images/thumbnails/dgrt-min.jpg","width":250,"height":239},"folderId":null,"originalUrl":"//images01.nicepage.com/c461c07a441a5d220e8feb1a/63e47b4c0f7858f381525540/dgrt-min.jpg","usages":["29471258"]},{"id":"user-image-44720b5f-d674-4089-b6ec-12c44ea13947.jpg","publicUrl":"np://user.desktop.nicepage.com/Site_8882886/images/44720b5f-d674-4089-b6ec-12c44ea13947.jpg","size":115315,"hash":"+TjP0K3BD9w1MFBHH5pM8CY/IOk=","fileName":"44720b5f-d674-4089-b6ec-12c44ea13947.jpg","name":"44720b5f-d674-4089-b6ec-12c44ea13947","width":720,"height":1080,"thumbnail":{"url":"np://user.desktop.nicepage.com/Site_8882886/images/thumbnails/44720b5f-d674-4089-b6ec-12c44ea13947.jpg","width":167,"height":250},"folderId":null,"originalUrl":"//images01.nicepage.com/c461c07a441a5d220e8feb1a/d6c11a21917b552d9ffb48bc/44720b5f-d674-4089-b6ec-12c44ea13947.jpg","usages":["29471258"]},{"id":"user-image-44d5d282-18f7-4295-9493-b2865af9bf3d.jpg","publicUrl":"np://user.desktop.nicepage.com/Site_8882886/images/44d5d282-18f7-4295-9493-b2865af9bf3d.jpg","size":83322,"hash":"hawInZ+/BAgt8u2kx61i0UtWaHI=","fileName":"44d5d282-18f7-4295-9493-b2865af9bf3d.jpg","name":"44d5d282-18f7-4295-9493-b2865af9bf3d","width":1000,"height":876,"thumbnail":{"url":"np://user.desktop.nicepage.com/Site_8882886/images/thumbnails/44d5d282-18f7-4295-9493-b2865af9bf3d.jpg","width":250,"height":219},"folderId":null,"originalUrl":"//images01.nicepage.com/c461c07a441a5d220e8feb1a/52d82c5900df5c6e8686dcd1/44d5d282-18f7-4295-9493-b2865af9bf3d.jpg","usages":["29471258"]},{"id":"user-image-wexyazlmloho.jpg","publicUrl":"np://user.desktop.nicepage.com/Site_8882886/images/wexyazlmloho.jpg","size":36833,"hash":"SAFZJV1DskN1SdunK77hYtL9PRM=","fileName":"wexyazlmloho.jpg","name":"wexyazlmloho","width":1200,"height":1168,"thumbnail":{"url":"np://user.desktop.nicepage.com/Site_8882886/images/thumbnails/wexyazlmloho.jpg","width":250,"height":243},"folderId":null,"usages":[]}]